{"cameraMode":{"drawMode":0,"name":"Shaded","section":"Shading Mode"},"sceneLighting":true,"audioPlay":false,"sceneViewState":{"showFog":true,"showMaterialUpdate":false,"showSkybox":true,"showFlares":true,"showImageEffects":true,"showParticleSystems":true},"in2DMode":false,"pivot":{"x":0.1899999976158142,"y":0.15000000596046449,"z":0.0},"rotation":{"x":-0.05587227642536163,"y":0.9407786726951599,"z":-0.1919884979724884,"w":-0.2737866938114166},"size":3.1689887046813967,"orthographic":false}